lunch,mean
free/reduced,58.92112676056338
standard,70.03410852713178
