gender,mean
female,63.633204633204635
male,68.72821576763485
