race/ethnicity,mean
group A,61.62921348314607
group B,63.45263157894737
group C,64.46394984326018
group D,67.36259541984732
group E,73.82142857142857
