race/ethnicity,avg(math score)
group B,63.45263157894737
group C,64.46394984326018
group D,67.36259541984732
group A,61.62921348314607
group E,73.82142857142857
