parental level of education,avg(math score)
some high school,63.497206703910614
associate's degree,67.88288288288288
high school,62.13775510204081
bachelor's degree,69.38983050847457
master's degree,69.7457627118644
some college,67.1283185840708
