parental level of education,mean
associate's degree,67.88288288288288
bachelor's degree,69.38983050847457
high school,62.13775510204081
master's degree,69.7457627118644
some college,67.1283185840708
some high school,63.497206703910614
